Policy_ID,Member_ID,Age,Gender,City,Policy_Type,Vehicle_Type,Annual_Premium,Claim_Count,Policy_Start_Year
P1000,M5000,33,Female,Ottawa,Home,Electric,1994.88,0,2023
P1001,M5001,63,Female,Ottawa,Auto,Sedan,1121.45,1,2022
P1002,M5002,36,Female,Ottawa,Travel,SUV,1233.35,1,2020
P1003,M5003,56,Female,Toronto,Health,SUV,1782.11,0,2022
P1004,M5004,21,Male,Toronto,Home,Hybrid,645.9,0,2024
P1005,M5005,62,Male,Vancouver,Travel,Truck,1411.43,1,2019
P1006,M5006,34,Female,Ottawa,Auto,Truck,1190.57,0,2021
P1007,M5007,32,Female,Winnipeg,Health,Hybrid,1024.31,0,2020
P1008,M5008,39,Male,Ottawa,Auto,Hybrid,1390.63,0,2023
P1009,M5009,42,Female,Ottawa,Home,Truck,461.09,0,2023
P1010,M5010,54,Female,Toronto,Home,Truck,541.38,1,2024
P1011,M5011,46,Male,Toronto,Health,SUV,1027.22,1,2019
P1012,M5012,70,Female,Ottawa,Home,Sedan,1962.83,0,2021
P1013,M5013,57,Female,Toronto,Auto,Truck,1100.87,0,2023
P1014,M5014,34,Male,Montreal,Health,SUV,1756.23,0,2021
P1015,M5015,42,Female,Vancouver,Auto,Electric,1748.86,0,2023
P1016,M5016,29,Female,Calgary,Auto,Truck,410.91,1,2022
P1017,M5017,58,Male,Montreal,Health,Truck,1719.83,0,2019
P1018,M5018,42,Male,Toronto,Travel,SUV,1764.58,1,2024
P1019,M5019,46,Female,Winnipeg,Travel,Sedan,703.93,0,2019
P1020,M5020,43,Female,Toronto,Health,Truck,746.75,0,2024
P1021,M5021,66,Female,Ottawa,Health,Electric,617.18,0,2020
P1022,M5022,50,Female,Toronto,Health,Hybrid,1963.47,0,2020
P1023,M5023,24,Female,Calgary,Health,Hybrid,1038.06,0,2019
P1024,M5024,74,Female,Montreal,Health,SUV,1282.88,0,2024
P1025,M5025,18,Female,Calgary,Health,SUV,797.79,1,2020
P1026,M5026,72,Female,Montreal,Travel,Hybrid,1696.67,0,2019
P1027,M5027,49,Male,Calgary,Health,SUV,1065.87,0,2021
P1028,M5028,31,Female,Winnipeg,Auto,Truck,678.99,2,2019
P1029,M5029,65,Female,Toronto,Travel,Truck,1356.33,0,2019
P1030,M5030,28,Male,Ottawa,Home,SUV,1698.27,0,2021
P1031,M5031,73,Male,Winnipeg,Health,Sedan,1105.98,0,2023
P1032,M5032,73,Female,Toronto,Auto,Electric,1089.63,1,2022
P1033,M5033,27,Female,Toronto,Health,Truck,358.91,0,2023
P1034,M5034,32,Male,Vancouver,Auto,SUV,946.95,0,2024
P1035,M5035,71,Male,Vancouver,Health,Truck,603.71,0,2023
P1036,M5036,46,Male,Montreal,Travel,Electric,931.57,0,2022
P1037,M5037,68,Female,Montreal,Health,Truck,728.71,1,2022
P1038,M5038,21,Female,Vancouver,Home,SUV,408.25,1,2019
P1039,M5039,32,Female,Montreal,Auto,Truck,1205.01,1,2019
P1040,M5040,69,Male,Vancouver,Auto,Hybrid,1721.29,0,2019
P1041,M5041,33,Female,Winnipeg,Home,SUV,1974.43,2,2018
P1042,M5042,47,Female,Toronto,Health,Sedan,1917.23,0,2023
P1043,M5043,28,Male,Ottawa,Travel,Truck,400.73,0,2018
P1044,M5044,32,Female,Montreal,Travel,Electric,340.46,0,2021
P1045,M5045,41,Female,Calgary,Health,Electric,404.11,0,2018
P1046,M5046,29,Female,Winnipeg,Auto,Sedan,1635.51,1,2020
P1047,M5047,51,Female,Winnipeg,Health,SUV,512.37,0,2021
P1048,M5048,66,Male,Vancouver,Home,Sedan,1477.79,0,2023
P1049,M5049,33,Female,Toronto,Travel,Electric,1302.14,0,2019
P1050,M5050,44,Female,Montreal,Auto,SUV,1778.13,1,2020
P1051,M5051,71,Female,Ottawa,Travel,Hybrid,1944.07,1,2023
P1052,M5052,61,Female,Montreal,Health,Sedan,1915.7,0,2020
P1053,M5053,54,Male,Winnipeg,Auto,Hybrid,1630.85,0,2023
P1054,M5054,22,Male,Winnipeg,Auto,Sedan,654.14,0,2022
P1055,M5055,57,Male,Winnipeg,Home,SUV,546.16,0,2022
P1056,M5056,66,Male,Montreal,Travel,Hybrid,593.06,1,2024
P1057,M5057,41,Female,Vancouver,Home,Sedan,1149.41,0,2024
P1058,M5058,26,Male,Calgary,Auto,SUV,882.18,0,2019
P1059,M5059,62,Female,Ottawa,Health,SUV,1726.44,0,2021
P1060,M5060,60,Female,Vancouver,Health,SUV,1302.83,0,2023
P1061,M5061,65,Male,Calgary,Travel,SUV,1902.61,1,2023
P1062,M5062,56,Female,Winnipeg,Home,SUV,1519.54,0,2023
P1063,M5063,37,Male,Vancouver,Home,Truck,1782.02,0,2018
P1064,M5064,47,Male,Calgary,Travel,Sedan,434.72,1,2018
P1065,M5065,29,Male,Calgary,Home,SUV,467.51,0,2021
P1066,M5066,30,Female,Calgary,Travel,Electric,1264.53,0,2023
P1067,M5067,70,Male,Winnipeg,Auto,Hybrid,599.69,0,2019
P1068,M5068,28,Male,Vancouver,Auto,Hybrid,1155.93,0,2022
P1069,M5069,19,Female,Montreal,Auto,Hybrid,1507.59,0,2020
P1070,M5070,43,Female,Calgary,Travel,Electric,511.93,1,2018
P1071,M5071,33,Female,Winnipeg,Home,Truck,1211.75,1,2021
P1072,M5072,19,Female,Ottawa,Auto,Hybrid,882.71,0,2019
P1073,M5073,61,Male,Vancouver,Travel,SUV,895.96,0,2019
P1074,M5074,39,Female,Calgary,Home,SUV,1018.63,0,2018
P1075,M5075,27,Female,Toronto,Travel,SUV,1193.88,0,2021
P1076,M5076,43,Female,Winnipeg,Health,Sedan,1672.05,0,2018
P1077,M5077,20,Female,Toronto,Auto,Hybrid,1571.93,2,2023
P1078,M5078,34,Female,Vancouver,Home,Hybrid,1722.1,0,2020
P1079,M5079,71,Male,Montreal,Auto,SUV,613.07,0,2021
P1080,M5080,62,Female,Montreal,Health,SUV,364.4,0,2024
P1081,M5081,63,Female,Calgary,Travel,Hybrid,1431.67,0,2018
P1082,M5082,74,Female,Toronto,Health,SUV,1225.03,0,2019
P1083,M5083,47,Female,Vancouver,Auto,Hybrid,360.56,2,2024
P1084,M5084,24,Male,Toronto,Home,Hybrid,1613.95,0,2020
P1085,M5085,54,Male,Toronto,Health,Hybrid,386.44,0,2018
P1086,M5086,38,Male,Calgary,Auto,Electric,586.63,0,2023
P1087,M5087,66,Male,Vancouver,Travel,Truck,1735.73,1,2018
P1088,M5088,48,Male,Vancouver,Travel,Sedan,759.71,0,2021
P1089,M5089,47,Male,Calgary,Auto,Hybrid,561.4,0,2021
P1090,M5090,72,Male,Montreal,Health,Hybrid,1060.5,0,2023
P1091,M5091,30,Female,Calgary,Auto,Electric,825.0,0,2023
P1092,M5092,68,Female,Winnipeg,Travel,Electric,1602.0,1,2024
P1093,M5093,47,Female,Montreal,Travel,Sedan,544.14,1,2023
P1094,M5094,70,Male,Ottawa,Home,Truck,816.46,0,2024
P1095,M5095,29,Male,Vancouver,Home,Electric,1103.58,0,2020
P1096,M5096,34,Male,Ottawa,Home,Electric,1655.07,0,2022
P1097,M5097,20,Female,Vancouver,Travel,Truck,1575.09,0,2019
P1098,M5098,35,Female,Winnipeg,Health,Truck,1303.74,1,2020
P1099,M5099,39,Male,Calgary,Home,SUV,526.63,0,2020
